Reset                           ,sm2main,0x6000
WBootCheck                      ,sm2main,0x600F
ColdBoot                        ,sm2main,0x6022
EndlessLoop                     ,sm2main,0x605B
NMI                             ,sm2main,0x60A0
SkipIRQ                         ,sm2main,0x60C3
ScrnSwch                        ,sm2main,0x60D2
InitVRAMVars                    ,sm2main,0x6107
CheckIntervalTC                 ,sm2main,0x6138
DecrTheTimers                   ,sm2main,0x6146
DTTLoop                         ,sm2main,0x614E
IncFrameCntr                    ,sm2main,0x6151
SeedLFSR                        ,sm2main,0x6153
RotateLFSR                      ,sm2main,0x6169
CheckInvalidWorldNum            ,sm2main,0x6181
ExecutionTree                   ,sm2main,0x618B
WaitForIRQ                      ,sm2main,0x618E
IRQHandler                      ,sm2main,0x61A2
DelayNoScr                      ,sm2main,0x61DD
ExitIRQ                         ,sm2main,0x61E1
PauseRoutine                    ,sm2main,0x61E9
ChkPauseTimer                   ,sm2main,0x61FB
ChkStart                        ,sm2main,0x6204
ClrPauseTimer                   ,sm2main,0x6224
SetPause                        ,sm2main,0x6229
ExitPause                       ,sm2main,0x622C
SpriteShuffler                  ,sm2main,0x622D
ShuffleLoop                     ,sm2main,0x6236
StrSprOffset                    ,sm2main,0x6249
NextSprOffset                   ,sm2main,0x624C
SetAmtOffset                    ,sm2main,0x6259
SetMiscOffset                   ,sm2main,0x6260
OperModeExecutionTree           ,sm2main,0x6279
MoveAllSpritesOffscreen         ,sm2main,0x6287
MoveSpritesOffscreen            ,sm2main,0x628A
SprInitLoop                     ,sm2main,0x628E
VMExit                          ,sm2main,0x6297
VictoryModeMain                 ,sm2main,0x6298
NotW8                           ,sm2main,0x62AF
BrdgSkip                        ,sm2main,0x62B6
VictoryModeSubroutines          ,sm2main,0x62BC
VictoryModeSubsForW8            ,sm2main,0x62D5
SetupVictoryMode                ,sm2main,0x62FF
W1Thru8                         ,sm2main,0x6322
IncModeTask                     ,sm2main,0x6326
DrawTitleScreen                 ,sm2main,0x632A
PlayerVictoryWalk               ,sm2main,0x6334
PerformWalk                     ,sm2main,0x6344
DontWalk                        ,sm2main,0x6347
ExitVWalk                       ,sm2main,0x6368
PrintVictoryMessages            ,sm2main,0x636D
ThankPlayer                     ,sm2main,0x637F
PrintMsgs                       ,sm2main,0x638A
IncMsgCounter                   ,sm2main,0x6391
SetEndTimer                     ,sm2main,0x63A4
IncModeTask_A                   ,sm2main,0x63AB
ExitMsgs                        ,sm2main,0x63AE
EndCastleAward                  ,sm2main,0x63AF
ExEWA                           ,sm2main,0x63D1
EndWorld1Thru7                  ,sm2main,0x63D2
NextWorld                       ,sm2main,0x63D7
NoPast9                         ,sm2main,0x63EE
EndExit                         ,sm2main,0x63FC
FloateyNumbersRoutine           ,sm2main,0x6421
ChkNumTimer                     ,sm2main,0x642F
DecNumTimer                     ,sm2main,0x6439
LoadNumTiles                    ,sm2main,0x644B
ChkTallEnemy                    ,sm2main,0x645E
GetAltOffset                    ,sm2main,0x6481
FloateyPart                     ,sm2main,0x6489
SetupNumSpr                     ,sm2main,0x6495
ScreenRoutines                  ,sm2main,0x64C5
InitScreen                      ,sm2main,0x64EB
InitScreenPalette               ,sm2main,0x64F6
SetupIntermediate               ,sm2main,0x64FB
GetAreaPalette                  ,sm2main,0x651F
SetVRAMAddr_A                   ,sm2main,0x6525
NextSubtask                     ,sm2main,0x6528
GetBackgroundColor              ,sm2main,0x653F
NoBGColor                       ,sm2main,0x654A
GetPlayerColors                 ,sm2main,0x654D
ChkFiery                        ,sm2main,0x6552
StartClrGet                     ,sm2main,0x655B
ClrGetLoop                      ,sm2main,0x655F
SetBGColor                      ,sm2main,0x6576
SetVRAMOffset                   ,sm2main,0x6594
GetAlternatePalette1            ,sm2main,0x6598
SetVRAMAddr_B                   ,sm2main,0x65A1
NoAltPal                        ,sm2main,0x65A4
WriteTopStatusLine              ,sm2main,0x65A7
WriteBottomStatusLine           ,sm2main,0x65AF
GetWorldNumForDisplay           ,sm2main,0x65E6
WNumD                           ,sm2main,0x65F5
DisplayTimeUp                   ,sm2main,0x65F8
OtherInter                      ,sm2main,0x6604
IncSubtaskby2                   ,sm2main,0x6610
IncSubtask                      ,sm2main,0x6613
DisplayIntermediate             ,sm2main,0x6617
PlayerInter                     ,sm2main,0x6631
OutputInter                     ,sm2main,0x6636
GameOverInter                   ,sm2main,0x6644
NoInter                         ,sm2main,0x6653
AreaParserTaskControl           ,sm2main,0x6659
TaskLoop                        ,sm2main,0x665C
OutputCol                       ,sm2main,0x666C
WriteGameText                   ,sm2main,0x671B
GameTextLoop                    ,sm2main,0x6722
EndGameText                     ,sm2main,0x6730
PutLives                        ,sm2main,0x674D
ExWGT                           ,sm2main,0x675D
WriteWarpZoneMessage            ,sm2main,0x675E
WZMLoop                         ,sm2main,0x6761
ResetSpritesAndScreenTimer      ,sm2main,0x677A
ResetScreenTimer                ,sm2main,0x6782
NoReset                         ,sm2main,0x678A
RenderAreaGraphics              ,sm2main,0x678B
DrawMTLoop                      ,sm2main,0x67AD
RightCheck                      ,sm2main,0x67F7
LLeft                           ,sm2main,0x6807
NextMTRow                       ,sm2main,0x680B
SetAttrib                       ,sm2main,0x680D
ExitDrawM                       ,sm2main,0x6844
RenderAttributeTables           ,sm2main,0x6847
SetATHigh                       ,sm2main,0x685A
AttribLoop                      ,sm2main,0x686D
SetVRAMCtrl                     ,sm2main,0x689A
ColorRotation                   ,sm2main,0x68BE
GetBlankPal                     ,sm2main,0x68CC
GetAreaPal                      ,sm2main,0x68E5
ExitColorRot                    ,sm2main,0x6915
RemoveCoin_Axe                  ,sm2main,0x692A
WriteBlankMT                    ,sm2main,0x6935
ReplaceBlockMetatile            ,sm2main,0x693E
DestroyBlockMetatile            ,sm2main,0x6948
WriteBlockMetatile              ,sm2main,0x694A
UseBOffset                      ,sm2main,0x6964
MoveVOffset                     ,sm2main,0x696C
PutBlockMetatile                ,sm2main,0x6974
SaveHAdder                      ,sm2main,0x6985
RemBridge                       ,sm2main,0x69AA
InitializeNameTables            ,sm2main,0x6C92
WriteNTAddr                     ,sm2main,0x6CA6
InitNTLoop                      ,sm2main,0x6CB4
InitATLoop                      ,sm2main,0x6CC6
ReadJoypads                     ,sm2main,0x6CD5
ReadPortBits                    ,sm2main,0x6CE3
PortLoop                        ,sm2main,0x6CE5
Save8Bits                       ,sm2main,0x6D06
WriteBufferToScreen             ,sm2main,0x6D0B
SetupWrites                     ,sm2main,0x6D22
GetLength                       ,sm2main,0x6D2C
OutputToVRAM                    ,sm2main,0x6D2F
RepeatByte                      ,sm2main,0x6D32
UpdateScreen                    ,sm2main,0x6D56
InitScroll                      ,sm2main,0x6D5F
WritePPUReg1                    ,sm2main,0x6D66
PrintStatusBarNumbers           ,sm2main,0x6D79
OutputNumbers                   ,sm2main,0x6D84
SetupNums                       ,sm2main,0x6D9B
DigitPLoop                      ,sm2main,0x6DBA
ExitOutputN                     ,sm2main,0x6DD1
DigitsMathRoutine               ,sm2main,0x6DD2
AddModLoop                      ,sm2main,0x6DD9
StoreNewD                       ,sm2main,0x6DE6
EraseDMods                      ,sm2main,0x6DED
EraseMLoop                      ,sm2main,0x6DF1
BorrowOne                       ,sm2main,0x6DF8
CarryOne                        ,sm2main,0x6DFF
UpdateTopScore                  ,sm2main,0x6E08
GetScoreDiff                    ,sm2main,0x6E0D
CopyScore                       ,sm2main,0x6E1B
NoTopSc                         ,sm2main,0x6E27
InitializeArea                  ,sm2main,0x6E39
ClrTimersLoop                   ,sm2main,0x6E42
StartPage                       ,sm2main,0x6E53
SetInitNTHigh                   ,sm2main,0x6E67
SetSecHard                      ,sm2main,0x6E9C
CheckHalfway                    ,sm2main,0x6E9F
DoneInitArea                    ,sm2main,0x6EA9
SecondaryGameSetup              ,sm2main,0x6EB9
ClearVRLoop                     ,sm2main,0x6EC5
ShufAmtLoop                     ,sm2main,0x6EF5
InitializeMemory                ,sm2main,0x6F08
InitPageLoop                    ,sm2main,0x6F0E
InitByteLoop                    ,sm2main,0x6F10
InitByte                        ,sm2main,0x6F1C
SkipByte                        ,sm2main,0x6F1E
GetAreaMusic                    ,sm2main,0x6F2D
ChkAreaType                     ,sm2main,0x6F46
StoreMusic                      ,sm2main,0x6F50
ExitGetM                        ,sm2main,0x6F55
Entrance_GameTimerSetup         ,sm2main,0x6F71
ChkStPos                        ,sm2main,0x6F93
SetStPos                        ,sm2main,0x6FA5
ChkOverR                        ,sm2main,0x6FD7
ChkSwimE                        ,sm2main,0x6FF0
SetPESub                        ,sm2main,0x6FF8
PlayerLoseLife                  ,sm2main,0x700F
StillInGame                     ,sm2main,0x702B
GetHalfway                      ,sm2main,0x7038
MaskHPNyb                       ,sm2main,0x7046
SetHalfway                      ,sm2main,0x7051
GameOverSubs                    ,sm2main,0x7057
SetupGameOver                   ,sm2main,0x7063
RunGameOver                     ,sm2main,0x7079
W9End                           ,sm2main,0x7088
TerminateGame                   ,sm2main,0x708D
ExRGO                           ,sm2main,0x709C
ContinueGame                    ,sm2main,0x709D
GameIsOn                        ,sm2main,0x70BA
DoNothing                       ,sm2main,0x70BB
AreaParserTaskHandler           ,sm2main,0x70C1
DoAPTasks                       ,sm2main,0x70CB
SkipATRender                    ,sm2main,0x70D8
AreaParserTasks                 ,sm2main,0x70D9
IncrementColumnPos              ,sm2main,0x70EC
NoColWrap                       ,sm2main,0x70FC
AreaParserCore                  ,sm2main,0x720D
RenderSceneryTerrain            ,sm2main,0x7215
ClrMTBuf                        ,sm2main,0x7219
ThirdP                          ,sm2main,0x7227
RendBack                        ,sm2main,0x7230
SceLoop1                        ,sm2main,0x7256
RendFore                        ,sm2main,0x7266
SceLoop2                        ,sm2main,0x7270
NoFore                          ,sm2main,0x7278
RendTerr                        ,sm2main,0x727E
TerMTile                        ,sm2main,0x728F
StoreMT                         ,sm2main,0x7299
TerrLoop                        ,sm2main,0x72A2
NoCloud2                        ,sm2main,0x72B9
TerrBChk                        ,sm2main,0x72BB
NextTBit                        ,sm2main,0x72C7
EndUChk                         ,sm2main,0x72DB
RendBBuf                        ,sm2main,0x72E4
ChkMTLow                        ,sm2main,0x72F1
StrBlock                        ,sm2main,0x7306
ProcessAreaData                 ,sm2main,0x7319
ProcADLoop                      ,sm2main,0x731B
Chk1Row13                       ,sm2main,0x7341
Chk1Row14                       ,sm2main,0x7365
CheckRear                       ,sm2main,0x736E
RdyDecode                       ,sm2main,0x7376
SetBehind                       ,sm2main,0x737C
NextAObj                        ,sm2main,0x737F
ChkLength                       ,sm2main,0x7382
ProcLoopb                       ,sm2main,0x738C
EndAParse                       ,sm2main,0x7399
IncAreaObjOffset                ,sm2main,0x739A
DecodeAreaData                  ,sm2main,0x73A6
Chk1stB                         ,sm2main,0x73AE
ChkRow14                        ,sm2main,0x73C4
ChkRow13                        ,sm2main,0x73D4
Mask2MSB                        ,sm2main,0x73EE
ChkSRows                        ,sm2main,0x73F3
LrgObj                          ,sm2main,0x7409
NotWPipe                        ,sm2main,0x7419
SpecObj                         ,sm2main,0x741E
MoveAOId                        ,sm2main,0x7423
NormObj                         ,sm2main,0x7427
LeavePar                        ,sm2main,0x7446
InitRear                        ,sm2main,0x7447
LoopCmdE                        ,sm2main,0x7456
BackColC                        ,sm2main,0x7457
StrAObj                         ,sm2main,0x7467
RunAObj                         ,sm2main,0x7470
AlterAreaAttributes             ,sm2main,0x74E6
Alter2                          ,sm2main,0x7503
SetFore                         ,sm2main,0x750F
ScrollLockObject_Warp           ,sm2main,0x7513
W1Warp2                         ,sm2main,0x752B
W1Warp1                         ,sm2main,0x752C
WarpWorldsAThruD                ,sm2main,0x752F
WarpWorlds2Thru8                ,sm2main,0x7537
W678Warp                        ,sm2main,0x7555
W5Warp3                         ,sm2main,0x7556
W5Warp2                         ,sm2main,0x7557
BaseW                           ,sm2main,0x7558
DumpWarpCtrl                    ,sm2main,0x7559
ScrollLockObject                ,sm2main,0x7564
KillEnemies                     ,sm2main,0x756D
KillELoop                       ,sm2main,0x7573
NoKillE                         ,sm2main,0x757B
AreaFrenzy                      ,sm2main,0x7582
FreCompLoop                     ,sm2main,0x7589
ExitAFrenzy                     ,sm2main,0x7593
AreaStyleObject                 ,sm2main,0x7597
TreeLedge                       ,sm2main,0x75A3
MidTreeL                        ,sm2main,0x75BE
EndTreeL                        ,sm2main,0x75CA
CloudLedge                      ,sm2main,0x75CF
EndCloud                        ,sm2main,0x75E2
AllUnder                        ,sm2main,0x75F6
NoUnder                         ,sm2main,0x75FC
PulleyRopeObject                ,sm2main,0x7606
RenderPul                       ,sm2main,0x7614
MushLExit                       ,sm2main,0x761A
CastleObject                    ,sm2main,0x7652
CRendLoop                       ,sm2main,0x7667
ChkCFloor                       ,sm2main,0x7679
NotTall                         ,sm2main,0x7693
PlayerStop                      ,sm2main,0x76B5
ExitCastle                      ,sm2main,0x76BA
WaterPipe                       ,sm2main,0x76BB
IntroPipe                       ,sm2main,0x76CE
VPipeSectLoop                   ,sm2main,0x76DC
NoBlankP                        ,sm2main,0x76EA
ExitPipe                        ,sm2main,0x76F7
RenderSidewaysPipe              ,sm2main,0x76FF
DrawSidePart                    ,sm2main,0x771A
VerticalPipe                    ,sm2main,0x7731
WarpPipe                        ,sm2main,0x773C
DrawPipe                        ,sm2main,0x774D
GetPipeHeight                   ,sm2main,0x7761
SetupPiranhaPlant               ,sm2main,0x7772
FindEmptyEnemySlot              ,sm2main,0x7791
EmptyChkLoop                    ,sm2main,0x7793
ExitEmptyChk                    ,sm2main,0x779D
Hole_Water                      ,sm2main,0x779E
QuestionBlockRow_High           ,sm2main,0x77AF
QuestionBlockRow_Low            ,sm2main,0x77B2
Bridge_High                     ,sm2main,0x77C0
Bridge_Middle                   ,sm2main,0x77C3
Bridge_Low                      ,sm2main,0x77C6
FlagBalls_Residual              ,sm2main,0x77DB
FlagpoleObject                  ,sm2main,0x77E5
EndlessRope                     ,sm2main,0x7817
BalancePlatRope                 ,sm2main,0x781E
DrawRope                        ,sm2main,0x7830
RowOfCoins                      ,sm2main,0x7839
CastleBridgeObj                 ,sm2main,0x7848
AxeObj                          ,sm2main,0x7850
ChainObj                        ,sm2main,0x7855
EmptyBlock                      ,sm2main,0x7860
ColObj                          ,sm2main,0x7867
RowOfBricks                     ,sm2main,0x7875
DrawBricks                      ,sm2main,0x787F
RowOfSolidBlocks                ,sm2main,0x7885
GetRow                          ,sm2main,0x788B
DrawRow                         ,sm2main,0x788F
ColumnOfBricks                  ,sm2main,0x7897
ColumnOfSolidBlocks             ,sm2main,0x78A0
GetRow2                         ,sm2main,0x78A6
BulletBillCannon                ,sm2main,0x78B0
SetupCannon                     ,sm2main,0x78CC
StrCOffset                      ,sm2main,0x78E8
StaircaseObject                 ,sm2main,0x78FE
NextStair                       ,sm2main,0x7908
Jumpspring                      ,sm2main,0x791A
NoJs                            ,sm2main,0x7949
Hidden1UpBlock                  ,sm2main,0x794A
QuestionBlock                   ,sm2main,0x7957
BrickWithCoins                  ,sm2main,0x795D
BrickWithItem                   ,sm2main,0x7962
BWithL                          ,sm2main,0x7971
DrawQBlk                        ,sm2main,0x7975
GetAreaObjectID                 ,sm2main,0x797F
ExitDecBlock                    ,sm2main,0x7985
Hole_Empty                      ,sm2main,0x798A
StrWOffset                      ,sm2main,0x79B9
NoWhirlP                        ,sm2main,0x79BC
RenderUnderPart                 ,sm2main,0x79C6
DrawThisRow                     ,sm2main,0x79DE
WaitOneRow                      ,sm2main,0x79E1
ExitUPartR                      ,sm2main,0x79EC
ChkLrgObjLength                 ,sm2main,0x79ED
ChkLrgObjFixedLength            ,sm2main,0x79F0
LenSet                          ,sm2main,0x79FB
GetLrgObjAttrib                 ,sm2main,0x79FC
GetAreaObjXPosition             ,sm2main,0x7A0C
GetAreaObjYPosition             ,sm2main,0x7A14
GetBlockBufferAddr              ,sm2main,0x7A22
GameModeSubs                    ,sm2main,0x7A37
GameCoreRoutine                 ,sm2main,0x7A47
GameEngine                      ,sm2main,0x7A52
ProcELoop                       ,sm2main,0x7A57
NoWind                          ,sm2main,0x7A97
NoChgMus                        ,sm2main,0x7AAE
CycleTwo                        ,sm2main,0x7AB9
ClrPlrPal                       ,sm2main,0x7AC0
SaveAB                          ,sm2main,0x7AC3
UpdScrollVar                    ,sm2main,0x7ACB
RunParser                       ,sm2main,0x7AEB
ExitEng                         ,sm2main,0x7AEE
ScrollHandler                   ,sm2main,0x7AEF
ChkNearMid                      ,sm2main,0x7B16
ScrollScreen                    ,sm2main,0x7B20
InitScrlAmt                     ,sm2main,0x7B53
ChkPOffscr                      ,sm2main,0x7B58
KeepOnscr                       ,sm2main,0x7B6B
InitPlatScrl                    ,sm2main,0x7B86
GetScreenPosition               ,sm2main,0x7B90
GameRoutines                    ,sm2main,0x7BA2
PlayerEntrance                  ,sm2main,0x7BC1
ChkBehPipe                      ,sm2main,0x7BDB
IntroEntr                       ,sm2main,0x7BE5
EntrMode2                       ,sm2main,0x7BF3
VineEntr                        ,sm2main,0x7C04
OffVine                         ,sm2main,0x7C1F
PlayerRdy                       ,sm2main,0x7C2B
ExitEntr                        ,sm2main,0x7C3D
AutoControlPlayer               ,sm2main,0x7C3E
PlayerCtrlRoutine               ,sm2main,0x7C41
DisJoyp                         ,sm2main,0x7C57
SaveJoyp                        ,sm2main,0x7C5C
SizeChk                         ,sm2main,0x7C83
ChkMoveDir                      ,sm2main,0x7C96
SetMoveDir                      ,sm2main,0x7CA2
PlayerSubs                      ,sm2main,0x7CA4
PlayerHole                      ,sm2main,0x7CD1
HoleDie                         ,sm2main,0x7CEC
HoleBottom                      ,sm2main,0x7CFE
ChkHoleX                        ,sm2main,0x7D02
ExitCtrl                        ,sm2main,0x7D12
CloudExit                       ,sm2main,0x7D13
Vine_AutoClimb                  ,sm2main,0x7D1F
AutoClimb                       ,sm2main,0x7D29
SetEntr                         ,sm2main,0x7D35
VerticalPipeEntry               ,sm2main,0x7D3D
MovePlayerYAxis                 ,sm2main,0x7D58
SideExitPipeEntry               ,sm2main,0x7D5E
ChgAreaPipe                     ,sm2main,0x7D63
ChgAreaMode                     ,sm2main,0x7D6B
ExitCAPipe                      ,sm2main,0x7D76
EnterSidePipe                   ,sm2main,0x7D77
RightPipe                       ,sm2main,0x7D86
PlayerChangeSize                ,sm2main,0x7D8B
EndChgSize                      ,sm2main,0x7D95
ExitChgSize                     ,sm2main,0x7D9C
PlayerInjuryBlink               ,sm2main,0x7D9D
ExitBlink                       ,sm2main,0x7DAB
InitChangeSize                  ,sm2main,0x7DAD
ExitBoth                        ,sm2main,0x7DC0
PlayerDeath                     ,sm2main,0x7DC1
DonePlayerTask                  ,sm2main,0x7DCB
PlayerFireFlower                ,sm2main,0x7DD5
CyclePlayerPalette              ,sm2main,0x7DE0
ResetPalFireFlower              ,sm2main,0x7DEF
ResetPalStar                    ,sm2main,0x7DF2
ExitDeath                       ,sm2main,0x7DFA
FlagpoleSlide                   ,sm2main,0x7DFB
SlidePlayer                     ,sm2main,0x7E13
NoFPObj                         ,sm2main,0x7E16
PlayerEndLevel                  ,sm2main,0x7E19
ChkStop                         ,sm2main,0x7E35
InCastle                        ,sm2main,0x7E43
RdyNextA                        ,sm2main,0x7E48
NextArea                        ,sm2main,0x7E66
NotW9                           ,sm2main,0x7E7F
ExitNA                          ,sm2main,0x7E8F
PlayerMovementSubs              ,sm2main,0x7E90
SetCrouch                       ,sm2main,0x7E9F
ProcMove                        ,sm2main,0x7EA2
MoveSubs                        ,sm2main,0x7EB5
NoMoveSub                       ,sm2main,0x7EC0
OnGroundStateSub                ,sm2main,0x7EC1
GndMove                         ,sm2main,0x7ECA
JmpMove                         ,sm2main,0x7ECD
ExOGSS                          ,sm2main,0x7EDB
FallingSub                      ,sm2main,0x7EDC
JumpSwimSub                     ,sm2main,0x7EE5
DumpFall                        ,sm2main,0x7EFC
ProcSwim                        ,sm2main,0x7F02
LRWater                         ,sm2main,0x7F15
LRAir                           ,sm2main,0x7F1B
JSMove                          ,sm2main,0x7F22
ExitMov1                        ,sm2main,0x7F30
ClimbingSub                     ,sm2main,0x7F3B
MoveOnVine                      ,sm2main,0x7F4C
ClimbFD                         ,sm2main,0x7F72
CSetFDir                        ,sm2main,0x7F76
ExitCSub                        ,sm2main,0x7F8B
InitCSTimer                     ,sm2main,0x7F8C
PlayerPhysicsSub                ,sm2main,0x7FBC
ProcClimb                       ,sm2main,0x7FD1
SetCAnim                        ,sm2main,0x7FE1
CheckForJumping                 ,sm2main,0x7FE5
NoJump                          ,sm2main,0x7FF4
ProcJumping                     ,sm2main,0x7FF7
InitJS                          ,sm2main,0x800C
ChkWtr                          ,sm2main,0x803E
GetYPhy                         ,sm2main,0x8050
PJumpSnd                        ,sm2main,0x807D
SJumpSnd                        ,sm2main,0x8086
X_Physics                       ,sm2main,0x8088
ProcPRun                        ,sm2main,0x8099
ChkRFast                        ,sm2main,0x80B1
FastXSp                         ,sm2main,0x80C0
SetRTmr                         ,sm2main,0x80C5
GetXPhy                         ,sm2main,0x80CA
GetXPhy2                        ,sm2main,0x80D8
PhyOpcode                       ,sm2main,0x80F1
ExitPhy                         ,sm2main,0x80F7
GetPlayerAnimSpeed              ,sm2main,0x80FB
ChkSkid                         ,sm2main,0x810A
SetRunSpd                       ,sm2main,0x8119
ProcSkid                        ,sm2main,0x811F
SetAnimSpd                      ,sm2main,0x8131
ImposeFriction                  ,sm2main,0x8138
JoypFrict                       ,sm2main,0x8147
LeftFrict                       ,sm2main,0x814A
RghtFrict                       ,sm2main,0x8168
XSpdSign                        ,sm2main,0x8183
SetAbsSpd                       ,sm2main,0x818C
ProcFireball_Bubble             ,sm2main,0x8190
ProcFireballs                   ,sm2main,0x81D0
ProcAirBubbles                  ,sm2main,0x81DA
BublLoop                        ,sm2main,0x81E1
BublExit                        ,sm2main,0x81F2
FireballObjCore                 ,sm2main,0x81F5
RunFB                           ,sm2main,0x822A
EraseFB                         ,sm2main,0x825A
NoFBall                         ,sm2main,0x825E
FireballExplosion               ,sm2main,0x825F
BubbleCheck                     ,sm2main,0x8265
SetupBubble                     ,sm2main,0x8277
PosBubl                         ,sm2main,0x8280
MoveBubl                        ,sm2main,0x829E
Y_Bubl                          ,sm2main,0x82B4
ExitBubl                        ,sm2main,0x82B6
RunGameTimer                    ,sm2main,0x82BB
ResGTCtrl                       ,sm2main,0x82F2
TimeUpOn                        ,sm2main,0x8306
ExGTimer                        ,sm2main,0x830F
WarpZoneObject                  ,sm2main,0x8310
ProcessWhirlpools               ,sm2main,0x8321
WhLoop                          ,sm2main,0x8330
NextWh                          ,sm2main,0x835A
ExitWh                          ,sm2main,0x835D
WhirlpoolActivate               ,sm2main,0x835E
LeftWh                          ,sm2main,0x8391
SetPWh                          ,sm2main,0x83A2
WhPull                          ,sm2main,0x83A4
FlagpoleRoutine                 ,sm2main,0x83BE
SkipScore                       ,sm2main,0x83FF
GiveFPScr                       ,sm2main,0x8402
NoEL4F                          ,sm2main,0x8413
NoSc4F                          ,sm2main,0x841F
FPGfx                           ,sm2main,0x8423
ExitFlagP                       ,sm2main,0x842C
JumpspringHandler               ,sm2main,0x8431
DownJSpr                        ,sm2main,0x844C
PosJSpr                         ,sm2main,0x8450
GreenJS                         ,sm2main,0x8479
SetJSF                          ,sm2main,0x847B
BounceJS                        ,sm2main,0x8480
DrawJSpr                        ,sm2main,0x848E
ExJSpring                       ,sm2main,0x84A9
Setup_Vine                      ,sm2main,0x84AA
NextVO                          ,sm2main,0x84C9
VineObjectHandler               ,sm2main,0x84D7
ProcVO                          ,sm2main,0x84DC
RunVSubs                        ,sm2main,0x84F7
VDrawLoop                       ,sm2main,0x8506
KillVine                        ,sm2main,0x8517
WrCMTile                        ,sm2main,0x8526
ChkVOffscr                      ,sm2main,0x8544
VineOffscr                      ,sm2main,0x8556
EraseClM                        ,sm2main,0x856F
NoClimbM                        ,sm2main,0x857A
ExitVH                          ,sm2main,0x8582
ProcessCannons                  ,sm2main,0x8587
ThreeSChk                       ,sm2main,0x858E
FireCannon                      ,sm2main,0x85B4
Chk_BB                          ,sm2main,0x85E5
Next3Slt                        ,sm2main,0x85F8
ExCannon                        ,sm2main,0x85FB
BulletBillHandler               ,sm2main,0x85FE
SetupBB                         ,sm2main,0x8618
ChkDSte                         ,sm2main,0x8635
BBFly                           ,sm2main,0x863E
RunBBSubs                       ,sm2main,0x8641
KillBB                          ,sm2main,0x8650
SpawnHammerObj                  ,sm2main,0x865F
SetMOfs                         ,sm2main,0x866B
NoHammer                        ,sm2main,0x868A
ProcHammerObj                   ,sm2main,0x868E
SetHSpd                         ,sm2main,0x86BE
SetHPos                         ,sm2main,0x86D4
RunAllH                         ,sm2main,0x86F3
RunHSubs                        ,sm2main,0x86F6
CoinBlock                       ,sm2main,0x8703
SetupJumpCoin                   ,sm2main,0x871C
JCoinC                          ,sm2main,0x8737
FindEmptyMiscSlot               ,sm2main,0x874F
FMiscLoop                       ,sm2main,0x8751
UseMiscS                        ,sm2main,0x875D
MiscObjectsCore                 ,sm2main,0x8761
MiscLoop                        ,sm2main,0x8763
ProcJumpCoin                    ,sm2main,0x8772
JCoinRun                        ,sm2main,0x8794
RunJCSubs                       ,sm2main,0x87B3
MiscLoopBack                    ,sm2main,0x87BF
GiveOneCoin                     ,sm2main,0x87C3
CoinPoints                      ,sm2main,0x87E3
AddToScore                      ,sm2main,0x87E8
WriteScoreAndCoinTally          ,sm2main,0x87ED
WriteDigits                     ,sm2main,0x87EF
NoZSup                          ,sm2main,0x87FF
SetupPowerUp                    ,sm2main,0x8802
PwrUpJmp                        ,sm2main,0x8819
StrType                         ,sm2main,0x8832
PutBehind                       ,sm2main,0x8834
PowerUpObjHandler               ,sm2main,0x883E
ShroomM                         ,sm2main,0x886B
GrowThePowerUp                  ,sm2main,0x8874
ChkPUSte                        ,sm2main,0x8893
RunPUSubs                       ,sm2main,0x8899
ExitPUp                         ,sm2main,0x88AB
PlayerHeadCollision             ,sm2main,0x88AE
DBlockSte                       ,sm2main,0x88BB
ChkBrick                        ,sm2main,0x88DB
StartBTmr                       ,sm2main,0x88ED
ContBTmr                        ,sm2main,0x88FA
PutOldMT                        ,sm2main,0x8901
PutMTileB                       ,sm2main,0x8902
SmallBP                         ,sm2main,0x8922
BigBP                           ,sm2main,0x8923
Unbreak                         ,sm2main,0x8939
InvOBit                         ,sm2main,0x893C
InitBlock_XY_Pos                ,sm2main,0x8945
BumpBlock                       ,sm2main,0x895C
BlockCode                       ,sm2main,0x897E
MushFlowerBlock                 ,sm2main,0x899B
StarBlock                       ,sm2main,0x899E
PoisonMushBlock                 ,sm2main,0x89A1
ExtraLifeMushBlock              ,sm2main,0x89A4
VineBlock                       ,sm2main,0x89AB
ExitBlockChk                    ,sm2main,0x89B3
BlockBumpedChk                  ,sm2main,0x89C7
BumpChkLoop                     ,sm2main,0x89C9
MatchBump                       ,sm2main,0x89D2
BrickShatter                    ,sm2main,0x89D3
CheckTopOfBlock                 ,sm2main,0x89F0
TopEx                           ,sm2main,0x8A11
SpawnBrickChunks                ,sm2main,0x8A12
BlockObjectsCore                ,sm2main,0x8A41
ChkTop                          ,sm2main,0x8A7B
BouncingBlockHandler            ,sm2main,0x8A84
KillBlock                       ,sm2main,0x8AA0
UpdSte                          ,sm2main,0x8AA2
BlockObjMT_Updater              ,sm2main,0x8AA5
UpdateLoop                      ,sm2main,0x8AA7
NextBUpd                        ,sm2main,0x8ACF
MoveEnemyHorizontally           ,sm2main,0x8AD3
MovePlayerHorizontally          ,sm2main,0x8ADA
MoveObjectHorizontally          ,sm2main,0x8AE0
SaveXSpd                        ,sm2main,0x8AF4
UseAdder                        ,sm2main,0x8AFD
ExXMove                         ,sm2main,0x8B1D
MovePlayerVertically            ,sm2main,0x8B1E
NoJSChk                         ,sm2main,0x8B2A
MoveD_EnemyVertically           ,sm2main,0x8B34
MoveFallingPlatform             ,sm2main,0x8B3C
ContVMove                       ,sm2main,0x8B3E
MoveRedPTroopaDown              ,sm2main,0x8B41
MoveRedPTroopaUp                ,sm2main,0x8B46
MoveRedPTroopa                  ,sm2main,0x8B48
MoveDropPlatform                ,sm2main,0x8B59
MoveEnemySlowVert               ,sm2main,0x8B5D
SetMdMax                        ,sm2main,0x8B5F
MoveJ_EnemyVertically           ,sm2main,0x8B63
SetHiMax                        ,sm2main,0x8B65
SetXMoveAmt                     ,sm2main,0x8B67
ImposeGravityBlock              ,sm2main,0x8B75
ImposeGravitySprObj             ,sm2main,0x8B7E
MovePlatformDown                ,sm2main,0x8B85
MovePlatformUp                  ,sm2main,0x8B88
SetDplSpd                       ,sm2main,0x8B96
RedPTroopaGrav                  ,sm2main,0x8BA2
ImposeGravity                   ,sm2main,0x8BA8
AlterYP                         ,sm2main,0x8BBA
ChkUpM                          ,sm2main,0x8BE9
ExVMove                         ,sm2main,0x8C17
EnemiesAndLoopsCore             ,sm2main,0x8C23
ChkAreaTsk                      ,sm2main,0x8C2F
ChkBowserF                      ,sm2main,0x8C3B
ExitELCore                      ,sm2main,0x8C46
ExecGameLoopback                ,sm2main,0x8C77
ProcLoopCommand                 ,sm2main,0x8CB7
FindLoop                        ,sm2main,0x8CC3
WrongChk                        ,sm2main,0x8CE6
InitMLp                         ,sm2main,0x8CFF
InitLCmd                        ,sm2main,0x8D07
ChkEnemyFrenzy                  ,sm2main,0x8D0C
ProcessEnemyData                ,sm2main,0x8D21
CheckEndofBuffer                ,sm2main,0x8D2D
CheckRightBounds                ,sm2main,0x8D41
CheckPageCtrlRow                ,sm2main,0x8D66
PositionEnemyObj                ,sm2main,0x8D88
CheckRightExtBounds             ,sm2main,0x8DA8
CheckForEnemyGroup              ,sm2main,0x8DCE
BuzzyBeetleMutate               ,sm2main,0x8DDA
StrID                           ,sm2main,0x8DE5
CheckFrenzyBuffer               ,sm2main,0x8DF3
StrFre                          ,sm2main,0x8E01
InitEnemyObject                 ,sm2main,0x8E03
ExEPar                          ,sm2main,0x8E0A
DoGroup                         ,sm2main,0x8E0B
ParseRow0e                      ,sm2main,0x8E0E
W9Skip                          ,sm2main,0x8E23
NotUse                          ,sm2main,0x8E31
CheckThreeBytes                 ,sm2main,0x8E34
Inc3B                           ,sm2main,0x8E3F
Inc2B                           ,sm2main,0x8E42
CheckpointEnemyID               ,sm2main,0x8E50
InitEnemyRoutines               ,sm2main,0x8E63
NoInitCode                      ,sm2main,0x8ED4
InitGoomba                      ,sm2main,0x8ED5
InitPodoboo                     ,sm2main,0x8EDB
InitRetainerObj                 ,sm2main,0x8EEB
InitNormalEnemy                 ,sm2main,0x8EF2
GetESpd                         ,sm2main,0x8EFA
SetESpd                         ,sm2main,0x8EFD
InitRedKoopa                    ,sm2main,0x8F02
InitHammerBro                   ,sm2main,0x8F0C
NoHBI                           ,sm2main,0x8F23
InitHorizFlySwimEnemy           ,sm2main,0x8F28
InitBloober                     ,sm2main,0x8F2D
SmallBBox                       ,sm2main,0x8F31
InitRedPTroopa                  ,sm2main,0x8F35
GetCent                         ,sm2main,0x8F40
TallBBox                        ,sm2main,0x8F45
SetBBox                         ,sm2main,0x8F47
InitVStf                        ,sm2main,0x8F4E
InitBulletBill                  ,sm2main,0x8F56
InitCheepCheep                  ,sm2main,0x8F60
InitLakitu                      ,sm2main,0x8F70
SetupLakitu                     ,sm2main,0x8F75
KillLakitu                      ,sm2main,0x8F80
LakituAndSpinyHandler           ,sm2main,0x8F8F
ChkLak                          ,sm2main,0x8F9F
ChkNoEn                         ,sm2main,0x8FB5
CreateL                         ,sm2main,0x8FBE
SetLowLY                        ,sm2main,0x8FD7
SetLakXY                        ,sm2main,0x8FD9
RetEOfs                         ,sm2main,0x8FDC
ExLSHand                        ,sm2main,0x8FDE
CreateSpiny                     ,sm2main,0x8FDF
DifLoop                         ,sm2main,0x9008
UsePosv                         ,sm2main,0x902C
SetSpSpd                        ,sm2main,0x902D
SpinyRte                        ,sm2main,0x9039
ChpChpEx                        ,sm2main,0x9047
InitLongFirebar                 ,sm2main,0x9052
InitShortFirebar                ,sm2main,0x9055
InitFlyingCheepCheep            ,sm2main,0x90A1
MaxCC                           ,sm2main,0x90BD
GSeed                           ,sm2main,0x90DD
RSeed                           ,sm2main,0x90F1
D2XPos1                         ,sm2main,0x9115
D2XPos2                         ,sm2main,0x9129
FinCCSt                         ,sm2main,0x9135
InitBowser                      ,sm2main,0x9142
KKCheck                         ,sm2main,0x9144
NoBowser                        ,sm2main,0x9157
CreateBowser                    ,sm2main,0x915A
DuplicateEnemyObj               ,sm2main,0x9186
FSLoop                          ,sm2main,0x9188
FlmEx                           ,sm2main,0x91AD
InitBowserFlame                 ,sm2main,0x91B4
SetFrT                          ,sm2main,0x91DA
PutAtRightExtent                ,sm2main,0x91E9
SpawnFromMouth                  ,sm2main,0x91FD
SetMF                           ,sm2main,0x9225
FinishFlame                     ,sm2main,0x9230
InitFireworks                   ,sm2main,0x924E
StarFChk                        ,sm2main,0x925D
ExitFWk                         ,sm2main,0x929A
BulletBillCheepCheep            ,sm2main,0x92AD
ChkW2                           ,sm2main,0x92C5
Get17ID                         ,sm2main,0x92CD
Set17ID                         ,sm2main,0x92D4
GetRBit                         ,sm2main,0x92E2
ChkRBit                         ,sm2main,0x92E7
AddFBit                         ,sm2main,0x92F7
DoBulletBills                   ,sm2main,0x930E
BB_SLoop                        ,sm2main,0x9310
ExF17                           ,sm2main,0x9321
FireBulletBill                  ,sm2main,0x9322
HandleGroupEnemies              ,sm2main,0x932C
PullID                          ,sm2main,0x9340
SnglID                          ,sm2main,0x9341
SetYGp                          ,sm2main,0x934B
CntGrp                          ,sm2main,0x935E
GrLoop                          ,sm2main,0x9361
GSltLp                          ,sm2main,0x9363
NextED                          ,sm2main,0x9395
InitPiranhaPlant                ,sm2main,0x9398
PatchPP                         ,sm2main,0x93B2
InitEnemyFrenzy                 ,sm2main,0x93D5
NoFrenzyCode                    ,sm2main,0x93EC
EndFrenzy                       ,sm2main,0x93ED
LakituChk                       ,sm2main,0x93EF
NextFSlot                       ,sm2main,0x93FB
InitJumpGPTroopa                ,sm2main,0x9406
TallBBox2                       ,sm2main,0x940E
SetBBox2                        ,sm2main,0x9410
InitBalPlatform                 ,sm2main,0x9414
AlignP                          ,sm2main,0x9422
SetBPA                          ,sm2main,0x942D
InitDropPlatform                ,sm2main,0x9438
InitHoriPlatform                ,sm2main,0x9440
InitVertPlatform                ,sm2main,0x9447
SetYO                           ,sm2main,0x9454
CommonPlatCode                  ,sm2main,0x945D
SPBBox                          ,sm2main,0x9460
CasPBB                          ,sm2main,0x9470
LargeLiftUp                     ,sm2main,0x9474
LargeLiftDown                   ,sm2main,0x947A
LargeLiftBBox                   ,sm2main,0x947D
PlatLiftUp                      ,sm2main,0x9480
PlatLiftDown                    ,sm2main,0x948C
CommonSmallLift                 ,sm2main,0x9495
PosPlatform                     ,sm2main,0x94A6
EndOfEnemyInitCode              ,sm2main,0x94B6
RunEnemyObjectsCore             ,sm2main,0x94B7
JmpEO                           ,sm2main,0x94C4
NoRunCode                       ,sm2main,0x950B
RunRetainerObj                  ,sm2main,0x950C
RunNormalEnemies                ,sm2main,0x9515
SkipMove                        ,sm2main,0x9537
EnemyMovementSubs               ,sm2main,0x953A
NoMoveCode                      ,sm2main,0x9569
RunBowserFlame                  ,sm2main,0x956A
RunFirebarObj                   ,sm2main,0x957C
RunSmallPlatform                ,sm2main,0x9582
RunLargePlatform                ,sm2main,0x959A
SkipPT                          ,sm2main,0x95AE
LargePlatformSubroutines        ,sm2main,0x95B7
EraseEnemyObject                ,sm2main,0x95CD
MovePodoboo                     ,sm2main,0x95E5
PdbM                            ,sm2main,0x9600
ProcHammerBro                   ,sm2main,0x960D
ChkJH                           ,sm2main,0x9616
DecHT                           ,sm2main,0x963F
HammerBroJumpCode               ,sm2main,0x9647
SetHJ                           ,sm2main,0x966C
HJump                           ,sm2main,0x9680
MoveHammerBroXDir               ,sm2main,0x968D
Shimmy                          ,sm2main,0x9697
SetShim                         ,sm2main,0x96AA
MoveNormalEnemy                 ,sm2main,0x96AC
FallE                           ,sm2main,0x96CD
MEHor                           ,sm2main,0x96E4
SlowM                           ,sm2main,0x96E7
SteadM                          ,sm2main,0x96E9
AddHS                           ,sm2main,0x96F0
ReviveStunned                   ,sm2main,0x96FD
SetRSpd                         ,sm2main,0x9714
MoveDefeatedEnemy               ,sm2main,0x971A
ChkKillGoomba                   ,sm2main,0x9720
NKGmba                          ,sm2main,0x972D
MoveJumpingEnemy                ,sm2main,0x972E
ProcMoveRedPTroopa              ,sm2main,0x9734
NoIncPT                         ,sm2main,0x974D
MoveRedPTUpOrDown               ,sm2main,0x974E
MovPTDwn                        ,sm2main,0x9757
MoveFlyGreenPTroopa             ,sm2main,0x975A
YSway                           ,sm2main,0x9770
NoMGPT                          ,sm2main,0x9779
XMoveCntr_GreenPTroopa          ,sm2main,0x977A
XMoveCntr_Platform              ,sm2main,0x977C
NoIncXM                         ,sm2main,0x9791
IncPXM                          ,sm2main,0x9792
DecSeXM                         ,sm2main,0x9795
MoveWithXMCntrs                 ,sm2main,0x979B
XMRight                         ,sm2main,0x97B1
MoveBloober                     ,sm2main,0x97BE
FBLeft                          ,sm2main,0x97D7
SBMDir                          ,sm2main,0x97DF
BlooberSwim                     ,sm2main,0x97E1
SwimX                           ,sm2main,0x97F0
LeftSwim                        ,sm2main,0x9803
MoveDefeatedBloober             ,sm2main,0x9811
ProcSwimmingB                   ,sm2main,0x9814
BSwimE                          ,sm2main,0x9838
SlowSwim                        ,sm2main,0x9839
NoSSw                           ,sm2main,0x9850
ChkForFloatdown                 ,sm2main,0x9851
Floatdown                       ,sm2main,0x9856
NoFD                            ,sm2main,0x985D
ChkNearPlayer                   ,sm2main,0x985E
MoveBulletBill                  ,sm2main,0x986B
NotDefB                         ,sm2main,0x9874
MoveSwimmingCheepCheep          ,sm2main,0x987F
CCSwim                          ,sm2main,0x9888
CCSwimUpwards                   ,sm2main,0x98CE
ChkSwimYPos                     ,sm2main,0x98E1
YPDiff                          ,sm2main,0x98F4
ExSwCC                          ,sm2main,0x98FB
ProcFirebar                     ,sm2main,0x9971
SusFbar                         ,sm2main,0x998A
SkpFSte                         ,sm2main,0x999A
SetupGFB                        ,sm2main,0x999F
SetMFbar                        ,sm2main,0x99CB
DrawFbar                        ,sm2main,0x99D1
NextFbar                        ,sm2main,0x99E7
SkipFBar                        ,sm2main,0x99EF
DrawFirebar_Collision           ,sm2main,0x99F0
AddHA                           ,sm2main,0x9A00
SubtR1                          ,sm2main,0x9A17
ChkFOfs                         ,sm2main,0x9A1B
VAHandl                         ,sm2main,0x9A23
AddVA                           ,sm2main,0x9A34
SetVFbr                         ,sm2main,0x9A38
FirebarCollision                ,sm2main,0x9A3D
AdjSm                           ,sm2main,0x9A5D
BigJp                           ,sm2main,0x9A66
FBCLoop                         ,sm2main,0x9A67
ChkVFBD                         ,sm2main,0x9A71
ChkFBCl                         ,sm2main,0x9A8D
Chk2Ofs                         ,sm2main,0x9A91
ChgSDir                         ,sm2main,0x9AA4
SetSDir                         ,sm2main,0x9AAD
NoColFB                         ,sm2main,0x9ABA
GetFirebarPosition              ,sm2main,0x9AC3
GetHAdder                       ,sm2main,0x9ACF
GetVAdder                       ,sm2main,0x9AEF
MoveFlyingCheepCheep            ,sm2main,0x9B14
FlyCC                           ,sm2main,0x9B22
AddCCF                          ,sm2main,0x9B41
BPGet                           ,sm2main,0x9B53
MoveLakitu                      ,sm2main,0x9B5D
ChkLS                           ,sm2main,0x9B66
Fr12S                           ,sm2main,0x9B75
LdLDa                           ,sm2main,0x9B7C
SetLSpd                         ,sm2main,0x9B88
SetLMov                         ,sm2main,0x9B9C
PlayerLakituDiff                ,sm2main,0x9BA1
ChkLakDif                       ,sm2main,0x9BB2
SetLMovD                        ,sm2main,0x9BD1
ChkPSpeed                       ,sm2main,0x9BD4
ChkSpinyO                       ,sm2main,0x9BF6
ChkEmySpd                       ,sm2main,0x9C00
SubDifAdj                       ,sm2main,0x9C06
SPixelLak                       ,sm2main,0x9C0B
ExMoveLak                       ,sm2main,0x9C11
BridgeCollapse                  ,sm2main,0x9C21
SetM2                           ,sm2main,0x9C3A
MoveD_Bowser                    ,sm2main,0x9C44
RemoveBridge                    ,sm2main,0x9C4A
NoBFall                         ,sm2main,0x9C93
RunBowser                       ,sm2main,0x9C9A
KillAllEnemies                  ,sm2main,0x9CA6
KillLoop                        ,sm2main,0x9CA8
BowserControl                   ,sm2main,0x9CB4
ChkMouth                        ,sm2main,0x9CC1
FeetTmr                         ,sm2main,0x9CC9
ResetMDr                        ,sm2main,0x9CDB
B_FaceP                         ,sm2main,0x9CE5
GetPRCmp                        ,sm2main,0x9D06
GetDToO                         ,sm2main,0x9D1F
CompDToO                        ,sm2main,0x9D3C
HammerChk                       ,sm2main,0x9D44
SetHmrTmr                       ,sm2main,0x9D5C
SkipToFB                        ,sm2main,0x9D6E
MakeBJump                       ,sm2main,0x9D71
ChkFireB                        ,sm2main,0x9D7E
SpawnFBr                        ,sm2main,0x9D89
SetFBTmr                        ,sm2main,0x9DA8
BowserGfxHandler                ,sm2main,0x9DB0
CopyFToR                        ,sm2main,0x9DBC
ExBGfxH                         ,sm2main,0x9DF0
ProcessBowserHalf               ,sm2main,0x9DF1
SetFlameTimer                   ,sm2main,0x9E0E
ExFl                            ,sm2main,0x9E1F
ProcBowserFlame                 ,sm2main,0x9E20
SFlmX                           ,sm2main,0x9E2E
SetGfxF                         ,sm2main,0x9E55
FlmeAt                          ,sm2main,0x9E6A
DrawFlameLoop                   ,sm2main,0x9E71
M3FOfs                          ,sm2main,0x9EAC
M2FOfs                          ,sm2main,0x9EB6
M1FOfs                          ,sm2main,0x9EC0
ExFlmeD                         ,sm2main,0x9EC9
RunFireworks                    ,sm2main,0x9ECA
SetupExpl                       ,sm2main,0x9EDA
FireworksSoundScore             ,sm2main,0x9EF2
RunStarFlagObj                  ,sm2main,0x9F0E
GameTimerFireworks              ,sm2main,0x9F27
EvenDgs                         ,sm2main,0x9F39
NoFWks                          ,sm2main,0x9F3F
SetFWC                          ,sm2main,0x9F43
IncrementSFTask1                ,sm2main,0x9F48
StarFlagExit                    ,sm2main,0x9F4B
AwardGameTimerPoints            ,sm2main,0x9F4C
AwardTimerCastle                ,sm2main,0x9F57
NoTTick                         ,sm2main,0x9F61
EndAreaPoints                   ,sm2main,0x9F70
RaiseFlagSetoffFWorks           ,sm2main,0x9F7A
SetoffF                         ,sm2main,0x9F85
DrawStarFlag                    ,sm2main,0x9F91
DSFLoop                         ,sm2main,0x9F99
DrawFlagSetTimer                ,sm2main,0x9FC2
IncrementSFTask2                ,sm2main,0x9FCA
DelayToAreaEnd                  ,sm2main,0x9FCE
StarFlagExit2                   ,sm2main,0x9FDB
MovePiranhaPlant                ,sm2main,0x9FDC
ChkPlayerNearPipe               ,sm2main,0x9FFB
ReversePlantSpeed               ,sm2main,0xA001
RedPP                           ,sm2main,0xA024
PutinPipe                       ,sm2main,0xA03D
FirebarSpin                     ,sm2main,0xA043
SpinCounterClockwise            ,sm2main,0xA057
BalancePlatform                 ,sm2main,0xA065
DoBPl                           ,sm2main,0xA06E
ExBalP                          ,sm2main,0xA072
CheckBalPlatform                ,sm2main,0xA073
ChkForFall                      ,sm2main,0xA087
MakePlatformFall                ,sm2main,0xA099
ChkOtherForFall                 ,sm2main,0xA09C
ChkToMoveBalPlat                ,sm2main,0xA0AE
ColFlg                          ,sm2main,0xA0CE
PlatUp                          ,sm2main,0xA0D2
PlatSt                          ,sm2main,0xA0D8
PlatDn                          ,sm2main,0xA0DE
DoOtherPlatform                 ,sm2main,0xA0E1
DrawEraseRope                   ,sm2main,0xA0F7
EraseR1                         ,sm2main,0xA131
OtherRope                       ,sm2main,0xA139
EraseR2                         ,sm2main,0xA162
EndRp                           ,sm2main,0xA16A
ExitRp                          ,sm2main,0xA178
SetupPlatformRope               ,sm2main,0xA17B
GetLRp                          ,sm2main,0xA18A
GetHRp                          ,sm2main,0xA1A4
ExPRp                           ,sm2main,0xA1D1
InitPlatformFall                ,sm2main,0xA1D2
StopPlatforms                   ,sm2main,0xA1EB
PlatformFall                    ,sm2main,0xA1F5
ExPF                            ,sm2main,0xA20A
YMovingPlatform                 ,sm2main,0xA20D
SkipIY                          ,sm2main,0xA226
ChkYCenterPos                   ,sm2main,0xA229
YMDown                          ,sm2main,0xA235
ChkYPCollision                  ,sm2main,0xA238
ExYPl                           ,sm2main,0xA240
XMovingPlatform                 ,sm2main,0xA241
PositionPlayerOnHPlat           ,sm2main,0xA24E
PPHSubt                         ,sm2main,0xA260
SetPVar                         ,sm2main,0xA262
ExXMP                           ,sm2main,0xA26A
DropPlatform                    ,sm2main,0xA26B
ExDPl                           ,sm2main,0xA276
RightPlatform                   ,sm2main,0xA277
ExRPl                           ,sm2main,0xA288
MoveLargeLiftPlat               ,sm2main,0xA289
MoveSmallPlatform               ,sm2main,0xA28F
MoveLiftPlatforms               ,sm2main,0xA295
ChkSmallPlatCollision           ,sm2main,0xA2AB
ExLiftP                         ,sm2main,0xA2B3
OffscreenBoundsCheck            ,sm2main,0xA2B4
LimitB                          ,sm2main,0xA2CB
ExtendLB                        ,sm2main,0xA2CD
TooFar                          ,sm2main,0xA314
ExScrnBd                        ,sm2main,0xA317
FireballEnemyCollision          ,sm2main,0xA319
FireballEnemyCDLoop             ,sm2main,0xA32E
GoombaDie                       ,sm2main,0xA346
NotGoomba                       ,sm2main,0xA350
NoFToECol                       ,sm2main,0xA36C
ExitFBallEnemy                  ,sm2main,0xA373
HandleEnemyFBallCol             ,sm2main,0xA37F
ChkBuzzyBeetle                  ,sm2main,0xA393
HurtBowser                      ,sm2main,0xA39D
SetDBSte                        ,sm2main,0xA3BE
ChkOtherEnemies                 ,sm2main,0xA3CA
ShellOrBlockDefeat              ,sm2main,0xA3D6
DinP                            ,sm2main,0xA3E0
SetDY                           ,sm2main,0xA3EB
StnE                            ,sm2main,0xA3ED
GoombaPoints                    ,sm2main,0xA402
EnemySmackScore                 ,sm2main,0xA408
ExHCF                           ,sm2main,0xA40F
PlayerHammerCollision           ,sm2main,0xA410
ClHCol                          ,sm2main,0xA449
ExPHC                           ,sm2main,0xA44E
HandlePowerUpCollision          ,sm2main,0xA44F
Safe                            ,sm2main,0xA45B
Shroom_Flower_PUp               ,sm2main,0xA478
SetFor1Up                       ,sm2main,0xA492
UpToSuper                       ,sm2main,0xA498
UpToFiery                       ,sm2main,0xA49F
NoPUp                           ,sm2main,0xA4A4
PlayerEnemyCollision            ,sm2main,0xA4AB
NoPECol                         ,sm2main,0xA4D8
CheckForPUpCollision            ,sm2main,0xA4D9
EColl                           ,sm2main,0xA4E2
HandlePECollisions              ,sm2main,0xA4ED
KSPts                           ,sm2main,0xA551
ExPEC                           ,sm2main,0xA554
ChkForPlayerInjury              ,sm2main,0xA555
ChkInj                          ,sm2main,0xA55A
ChkETmrs                        ,sm2main,0xA569
TInjE                           ,sm2main,0xA57E
InjurePlayer                    ,sm2main,0xA587
ForceInjury                     ,sm2main,0xA58F
SetKRout                        ,sm2main,0xA5A4
SetPRout                        ,sm2main,0xA5A6
ExInjColRoutines                ,sm2main,0xA5B3
KillPlayer                      ,sm2main,0xA5B6
EnemyStomped                    ,sm2main,0xA5C7
EnemyStompedPts                 ,sm2main,0xA5F4
ChkForDemoteKoopa               ,sm2main,0xA60F
HandleStompedShellE             ,sm2main,0xA631
SetBounce                       ,sm2main,0xA64E
BnceH                           ,sm2main,0xA65A
BnceL                           ,sm2main,0xA65C
ChkEnemyFaceRight               ,sm2main,0xA65F
LInj                            ,sm2main,0xA668
EnemyFacePlayer                 ,sm2main,0xA66E
SFcRt                           ,sm2main,0xA676
SetupFloateyNumber              ,sm2main,0xA67A
ExSFN                           ,sm2main,0xA68D
EnemiesCollision                ,sm2main,0xA69C
ECLoop                          ,sm2main,0xA6C3
YesEC                           ,sm2main,0xA70C
NoEnemyCollision                ,sm2main,0xA712
ReadyNextEnemy                  ,sm2main,0xA71B
ExitECRoutine                   ,sm2main,0xA722
ProcEnemyCollisions             ,sm2main,0xA725
ShellCollisions                 ,sm2main,0xA74A
ExitProcessEColl                ,sm2main,0xA761
ProcSecondEnemyColl             ,sm2main,0xA762
MoveEOfs                        ,sm2main,0xA786
EnemyTurnAround                 ,sm2main,0xA78D
RXSpd                           ,sm2main,0xA7AB
ExTA                            ,sm2main,0xA7B9
LargePlatformCollision          ,sm2main,0xA7BA
ChkForPlayerC_LargeP            ,sm2main,0xA7D4
ExLPC                           ,sm2main,0xA7ED
SmallPlatformCollision          ,sm2main,0xA7F0
ChkSmallPlatLoop                ,sm2main,0xA801
MoveBoundBox                    ,sm2main,0xA816
ExSPC                           ,sm2main,0xA82C
ProcSPlatCollisions             ,sm2main,0xA82F
ProcLPlatCollisions             ,sm2main,0xA831
ChkForTopCollision              ,sm2main,0xA844
SetCollisionFlag                ,sm2main,0xA860
PlatformSideCollisions          ,sm2main,0xA86A
SideC                           ,sm2main,0xA886
NoSideC                         ,sm2main,0xA889
PositionPlayerOnS_Plat          ,sm2main,0xA88E
PositionPlayerOnVPlat           ,sm2main,0xA896
ExPlPos                         ,sm2main,0xA8B5
CheckPlayerVertical             ,sm2main,0xA8B6
ExCPV                           ,sm2main,0xA8BF
GetEnemyBoundBoxOfs             ,sm2main,0xA8C0
GetEnemyBoundBoxOfsArg          ,sm2main,0xA8C2
PlayerBGCollision               ,sm2main,0xA8D2
SetFallS                        ,sm2main,0xA8F0
SetPSte                         ,sm2main,0xA8F2
ChkOnScr                        ,sm2main,0xA8F4
ExPBGCol                        ,sm2main,0xA905
ChkCollSize                     ,sm2main,0xA906
GBBAdr                          ,sm2main,0xA919
HeadChk                         ,sm2main,0xA928
SolidOrClimb                    ,sm2main,0xA958
NYSpd                           ,sm2main,0xA960
DoFootCheck                     ,sm2main,0xA964
AwardTouchedCoin                ,sm2main,0xA988
ChkFootMTile                    ,sm2main,0xA98B
ContChk                         ,sm2main,0xA99B
LandPlyr                        ,sm2main,0xA9B2
InitSteP                        ,sm2main,0xA9C8
DoPlayerSideCheck               ,sm2main,0xA9CC
SideCheckLoop                   ,sm2main,0xA9D4
BHalf                           ,sm2main,0xA9F3
ExSCH                           ,sm2main,0xAA09
CheckSideMTiles                 ,sm2main,0xAA0A
ContSChk                        ,sm2main,0xAA17
ChkPBtm                         ,sm2main,0xAA29
PipeDwnS                        ,sm2main,0xAA3C
PlyrPipe                        ,sm2main,0xAA45
SetCATmr                        ,sm2main,0xAA58
ChkGERtn                        ,sm2main,0xAA5E
StopPlayerMove                  ,sm2main,0xAA6D
ExCSM                           ,sm2main,0xAA70
HandleCoinMetatile              ,sm2main,0xAA73
HandleAxeMetatile               ,sm2main,0xAA7C
ErACM                           ,sm2main,0xAA8D
HandleClimbing                  ,sm2main,0xAA9F
ExHC                            ,sm2main,0xAAA9
ChkForFlagpole                  ,sm2main,0xAAAA
FlagpoleCollision               ,sm2main,0xAAB2
ChkFlagpoleYPosLoop             ,sm2main,0xAAD9
MtchF                           ,sm2main,0xAAE1
RunFR                           ,sm2main,0xAAF6
VineCollision                   ,sm2main,0xAAFD
PutPlayerOnVine                 ,sm2main,0xAB0B
SetVXPl                         ,sm2main,0xAB24
ExPVne                          ,sm2main,0xAB3F
ChkInvisibleMTiles              ,sm2main,0xAB40
ExCInvT                         ,sm2main,0xAB4E
ChkForLandJumpSpring            ,sm2main,0xAB4F
ExCJSp                          ,sm2main,0xAB6A
ChkJumpspringMetatiles          ,sm2main,0xAB6B
JSFnd                           ,sm2main,0xAB74
NoJSFnd                         ,sm2main,0xAB75
HandlePipeEntry                 ,sm2main,0xAB76
SetWDest                        ,sm2main,0xABAD
ExPipeE                         ,sm2main,0xABD3
ImpedePlayerMove                ,sm2main,0xABD4
RImpd                           ,sm2main,0xABE7
NXSpd                           ,sm2main,0xABEF
PlatF                           ,sm2main,0xABFD
ExIPM                           ,sm2main,0xAC0A
CheckForSolidMTiles             ,sm2main,0xAC18
CheckForClimbMTiles             ,sm2main,0xAC23
CheckForCoinMTiles              ,sm2main,0xAC2A
CoinSd                          ,sm2main,0xAC34
GetMTileAttrib                  ,sm2main,0xAC39
ExEBG                           ,sm2main,0xAC41
EnemyToBGCollisionDet           ,sm2main,0xAC4A
DoIDCheckBGColl                 ,sm2main,0xAC61
HBChk                           ,sm2main,0xAC68
ExIDBChk                        ,sm2main,0xAC6F
CInvu                           ,sm2main,0xAC70
YesIn                           ,sm2main,0xAC80
NoEToBGCollision                ,sm2main,0xAC85
HandleEToBGCollision            ,sm2main,0xAC88
GiveOEPoints                    ,sm2main,0xAC9E
ChkToStunEnemies                ,sm2main,0xACA3
Demote                          ,sm2main,0xACBD
NoDemote                        ,sm2main,0xACC1
BounceOff                       ,sm2main,0xACCD
SetWYSpd                        ,sm2main,0xACDE
SetNotW                         ,sm2main,0xACE0
ChkBBill                        ,sm2main,0xACEA
NoCDirF                         ,sm2main,0xACF6
ExEBGChk                        ,sm2main,0xACFC
LandEnemyProperly               ,sm2main,0xACFD
SChkA                           ,sm2main,0xAD11
ChkLandedEnemyState             ,sm2main,0xAD14
SetForStn                       ,sm2main,0xAD30
ExSteChk                        ,sm2main,0xAD3A
ProcEnemyDirection              ,sm2main,0xAD3B
InvtD                           ,sm2main,0xAD53
CNwCDir                         ,sm2main,0xAD5B
LandEnemyInitState              ,sm2main,0xAD63
NMovShellFallBit                ,sm2main,0xAD71
ChkForRedKoopa                  ,sm2main,0xAD78
Chk2MSBSt                       ,sm2main,0xAD82
GetSteFromD                     ,sm2main,0xAD8F
SetD6Ste                        ,sm2main,0xAD92
DoEnemySideCheck                ,sm2main,0xAD94
SdeCLoop                        ,sm2main,0xADA0
NextSdeC                        ,sm2main,0xADB2
ExESdeC                         ,sm2main,0xADB9
ChkForBump_HammerBroJ           ,sm2main,0xADBA
NoBump                          ,sm2main,0xADC7
InvEnemyDir                     ,sm2main,0xADD6
PlayerEnemyDiff                 ,sm2main,0xADD9
EnemyLanding                    ,sm2main,0xADE5
SubtEnemyYPos                   ,sm2main,0xADF1
EnemyJump                       ,sm2main,0xADF9
DoSide                          ,sm2main,0xAE18
HammerBroBGColl                 ,sm2main,0xAE1B
KillEnemyAboveBlock             ,sm2main,0xAE24
UnderHammerBro                  ,sm2main,0xAE2C
NoUnderHammerBro                ,sm2main,0xAE3D
ChkUnderEnemy                   ,sm2main,0xAE44
ChkForNonSolids                 ,sm2main,0xAE4B
NSFnd                           ,sm2main,0xAE65
FireballBGCollision             ,sm2main,0xAE66
ClearBounceFlag                 ,sm2main,0xAE8D
InitFireballExplode             ,sm2main,0xAE92
GetFireballBoundBox             ,sm2main,0xAECB
GetMiscBoundBox                 ,sm2main,0xAED4
FBallB                          ,sm2main,0xAEDB
GetEnemyBoundBox                ,sm2main,0xAEE1
SmallPlatformBoundBox           ,sm2main,0xAEEA
GetMaskedOffScrBits             ,sm2main,0xAEF0
CMBits                          ,sm2main,0xAF05
LargePlatformBoundBox           ,sm2main,0xAF11
SetupEOffsetFBBox               ,sm2main,0xAF1A
MoveBoundBoxOffscreen           ,sm2main,0xAF27
BoundingBoxCore                 ,sm2main,0xAF3A
CheckRightScreenBBox            ,sm2main,0xAF7C
SORte                           ,sm2main,0xAFA4
NoOfs                           ,sm2main,0xAFA7
CheckLeftScreenBBox             ,sm2main,0xAFAA
SOLft                           ,sm2main,0xAFBD
NoOfs2                          ,sm2main,0xAFC0
PlayerCollisionCore             ,sm2main,0xAFC3
SprObjectCollisionCore          ,sm2main,0xAFC5
CollisionCoreLoop               ,sm2main,0xAFCB
SecondBoxVerticalChk            ,sm2main,0xAFEA
FirstBoxGreater                 ,sm2main,0xAFFD
NoCollisionFound                ,sm2main,0xB018
CollisionFound                  ,sm2main,0xB01C
BlockBufferChk_Enemy            ,sm2main,0xB026
BlockBufferChk_FBall            ,sm2main,0xB03A
ResJmpM                         ,sm2main,0xB041
BBChk_E                         ,sm2main,0xB043
BlockBufferColli_Feet           ,sm2main,0xB086
BlockBufferColli_Head           ,sm2main,0xB087
BlockBufferColli_Side           ,sm2main,0xB08A
BlockBufferCollision            ,sm2main,0xB08E
RetXC                           ,sm2main,0xB0C7
RetYC                           ,sm2main,0xB0C9
DrawVine                        ,sm2main,0xB0D9
VineTL                          ,sm2main,0xB11D
SkpVTop                         ,sm2main,0xB134
ChkFTop                         ,sm2main,0xB136
NextVSp                         ,sm2main,0xB146
SixSpriteStacker                ,sm2main,0xB152
StkLp                           ,sm2main,0xB154
DrawHammer                      ,sm2main,0xB180
ForceHPose                      ,sm2main,0xB190
GetHPose                        ,sm2main,0xB194
RenderH                         ,sm2main,0xB19B
NoHOffscr                       ,sm2main,0xB1E4
FlagpoleGfxHandler              ,sm2main,0xB1F1
ChkFlagOffscreen                ,sm2main,0xB24D
MoveSixSpritesOffscreen         ,sm2main,0xB259
DumpSixSpr                      ,sm2main,0xB25B
DumpFourSpr                     ,sm2main,0xB261
DumpThreeSpr                    ,sm2main,0xB264
DumpTwoSpr                      ,sm2main,0xB267
ExitDumpSpr                     ,sm2main,0xB26D
DrawLargePlatform               ,sm2main,0xB26E
ShrinkPlatform                  ,sm2main,0xB28F
SetLast2Platform                ,sm2main,0xB291
SetPlatformTilenum              ,sm2main,0xB2A3
SChk2                           ,sm2main,0xB2C0
SChk3                           ,sm2main,0xB2CA
SChk4                           ,sm2main,0xB2D4
SChk5                           ,sm2main,0xB2DE
SChk6                           ,sm2main,0xB2E8
SLChk                           ,sm2main,0xB2F1
ExDLPl                          ,sm2main,0xB2FA
DrawFloateyNumber_Coin          ,sm2main,0xB2FB
NotRsNum                        ,sm2main,0xB302
JCoinGfxHandler                 ,sm2main,0xB32C
ExJCGfx                         ,sm2main,0xB363
DrawPowerUp                     ,sm2main,0xB37D
PUpDrawLoop                     ,sm2main,0xB3A2
FlipPUpRightSide                ,sm2main,0xB3DA
PUpOfs                          ,sm2main,0xB3EA
EnemyGfxHandler                 ,sm2main,0xB52C
GrnJS                           ,sm2main,0xB53D
RedJS                           ,sm2main,0xB53E
CheckForRetainerObj             ,sm2main,0xB573
CheckForBulletBillCV            ,sm2main,0xB588
SBBAt                           ,sm2main,0xB597
CheckForJumpspring              ,sm2main,0xB59F
CheckForPodoboo                 ,sm2main,0xB5AB
CheckBowserGfxFlag              ,sm2main,0xB5BC
SBwsrGfxOfs                     ,sm2main,0xB5C8
CheckForGoomba                  ,sm2main,0xB5CA
GmbaAnim                        ,sm2main,0xB5DA
CheckBowserFront                ,sm2main,0xB5ED
ChkFrontSte                     ,sm2main,0xB60A
FlipBowserOver                  ,sm2main,0xB610
DrawBowser                      ,sm2main,0xB613
CheckBowserRear                 ,sm2main,0xB616
ChkRearSte                      ,sm2main,0xB61F
CheckForSpiny                   ,sm2main,0xB62F
NotEgg                          ,sm2main,0xB641
CheckForLakitu                  ,sm2main,0xB644
NoLAFr                          ,sm2main,0xB657
CheckUpsideDownShell            ,sm2main,0xB65A
CheckRightSideUpShell           ,sm2main,0xB670
CheckForDefdGoomba              ,sm2main,0xB684
CheckForHammerBro               ,sm2main,0xB694
CheckForBloober                 ,sm2main,0xB6A8
CheckToAnimateEnemy             ,sm2main,0xB6C4
CheckForSecondFrame             ,sm2main,0xB6EC
CheckAnimationStop              ,sm2main,0xB6F3
CheckDefeatedState              ,sm2main,0xB701
FlipV                           ,sm2main,0xB713
DrawEnemyObject                 ,sm2main,0xB71B
SkipToOffScrChk                 ,sm2main,0xB731
CheckForVerticalFlip            ,sm2main,0xB734
FlipEnemyVertically             ,sm2main,0xB75E
CheckForESymmetry               ,sm2main,0xB77A
ContES                          ,sm2main,0xB78A
ESRtnr                          ,sm2main,0xB7A2
SpnySC                          ,sm2main,0xB7AB
MirrorEnemyGfx                  ,sm2main,0xB7AF
EggExc                          ,sm2main,0xB7CA
CheckToMirrorLakitu             ,sm2main,0xB7EA
NVFLak                          ,sm2main,0xB816
CheckToMirrorJSpring            ,sm2main,0xB826
SprObjectOffscrChk              ,sm2main,0xB83F
LcChk                           ,sm2main,0xB84F
Row3C                           ,sm2main,0xB859
Row23C                          ,sm2main,0xB864
AllRowC                         ,sm2main,0xB86E
ExEGHandler                     ,sm2main,0xB884
DrawEnemyObjRow                 ,sm2main,0xB885
DrawOneSpriteRow                ,sm2main,0xB88D
MoveESprRowOffscreen            ,sm2main,0xB892
MoveESprColOffscreen            ,sm2main,0xB89C
DrawBlock                       ,sm2main,0xB8AC
DBlkLoop                        ,sm2main,0xB8C2
ChkRep                          ,sm2main,0xB8E5
SetBFlip                        ,sm2main,0xB8FC
BlkOffscr                       ,sm2main,0xB910
PullOfsB                        ,sm2main,0xB920
ChkLeftCo                       ,sm2main,0xB921
MoveColOffscreen                ,sm2main,0xB925
ExDBlk                          ,sm2main,0xB92D
DrawBrickChunks                 ,sm2main,0xB92E
DChunks                         ,sm2main,0xB940
ChnkOfs                         ,sm2main,0xB9A4
ExBCDr                          ,sm2main,0xB9B8
DrawFireball                    ,sm2main,0xB9B9
DrawFirebar                     ,sm2main,0xB9C8
FireA                           ,sm2main,0xB9DD
DrawExplosion_Fireball          ,sm2main,0xB9E4
DrawExplosion_Fireworks         ,sm2main,0xB9F2
KillFireBall                    ,sm2main,0xBA3C
DrawSmallPlatform               ,sm2main,0xBA41
TopSP                           ,sm2main,0xBA77
BotSP                           ,sm2main,0xBA85
SOfs                            ,sm2main,0xBA9E
SOfs2                           ,sm2main,0xBAAC
ExSPl                           ,sm2main,0xBAB9
DrawBubble                      ,sm2main,0xBABC
ExDBub                          ,sm2main,0xBAE1
PlayerGfxHandler                ,sm2main,0xBBC4
CntPl                           ,sm2main,0xBBCE
SwimKT                          ,sm2main,0xBBFA
BigKTS                          ,sm2main,0xBC08
ExPGH                           ,sm2main,0xBC0E
FindPlayerAction                ,sm2main,0xBC0F
DoChangeSize                    ,sm2main,0xBC15
PlayerKilled                    ,sm2main,0xBC1B
PlayerGfxProcessing             ,sm2main,0xBC20
SUpdR                           ,sm2main,0xBC51
PlayerOffscreenChk              ,sm2main,0xBC55
PROfsLoop                       ,sm2main,0xBC67
NPROffscr                       ,sm2main,0xBC70
DrawPlayer_Intermediate         ,sm2main,0xBC7F
PIntLoop                        ,sm2main,0xBC81
RenderPlayerSub                 ,sm2main,0xBC99
DrawPlayerLoop                  ,sm2main,0xBCB7
ProcessPlayerAction             ,sm2main,0xBCC7
ProcOnGroundActs                ,sm2main,0xBCE6
NoSkidS                         ,sm2main,0xBD0C
NonAnimatedActs                 ,sm2main,0xBD0D
ActionFalling                   ,sm2main,0xBD19
ActionWalkRun                   ,sm2main,0xBD21
ActionClimbing                  ,sm2main,0xBD29
ActionSwimming                  ,sm2main,0xBD35
GetCurrentAnimOffset            ,sm2main,0xBD47
FourFrameExtent                 ,sm2main,0xBD4D
ThreeFrameExtent                ,sm2main,0xBD52
AnimationControl                ,sm2main,0xBD54
SetAnimC                        ,sm2main,0xBD71
ExAnimC                         ,sm2main,0xBD74
GetGfxOffsetAdder               ,sm2main,0xBD76
SzOfs                           ,sm2main,0xBD80
HandleChangeSize                ,sm2main,0xBD95
CSzNext                         ,sm2main,0xBDA8
GorSLog                         ,sm2main,0xBDAB
GetOffsetFromAnimCtrl           ,sm2main,0xBDB5
ShrinkPlayer                    ,sm2main,0xBDBC
ShrPlF                          ,sm2main,0xBDCA
ChkForPlayerAttrib              ,sm2main,0xBDCE
KilledAtt                       ,sm2main,0xBDEA
C_S_IGAtt                       ,sm2main,0xBDFC
ExPlyrAt                        ,sm2main,0xBE0E
RelativePlayerPosition          ,sm2main,0xBE0F
RelativeBubblePosition          ,sm2main,0xBE16
RelativeFireballPosition        ,sm2main,0xBE20
RelWOfs                         ,sm2main,0xBE27
RelativeMiscPosition            ,sm2main,0xBE2D
RelativeEnemyPosition           ,sm2main,0xBE37
RelativeBlockPosition           ,sm2main,0xBE3E
VariableObjOfsRelPos            ,sm2main,0xBE4A
GetObjRelativePosition          ,sm2main,0xBE56
GetPlayerOffscreenBits          ,sm2main,0xBE65
GetFireballOffscreenBits        ,sm2main,0xBE6C
GetBubbleOffscreenBits          ,sm2main,0xBE76
GetMiscOffscreenBits            ,sm2main,0xBE80
GetProperObjOffset              ,sm2main,0xBE8D
GetEnemyOffscreenBits           ,sm2main,0xBE94
GetBlockOffscreenBits           ,sm2main,0xBE9B
SetOffscrBitsOffset             ,sm2main,0xBE9F
GetOffScreenBitsSet             ,sm2main,0xBEA5
RunOffscrBitsSubs               ,sm2main,0xBEBC
GetXOffscreenBits               ,sm2main,0xBEDB
XOfsLoop                        ,sm2main,0xBEDF
XLdBData                        ,sm2main,0xBF03
ExXOfsBS                        ,sm2main,0xBF0F
GetYOffscreenBits               ,sm2main,0xBF1E
YOfsLoop                        ,sm2main,0xBF22
YLdBData                        ,sm2main,0xBF45
ExYOfsBS                        ,sm2main,0xBF51
DividePDiff                     ,sm2main,0xBF52
SetOscrO                        ,sm2main,0xBF65
ExDivPD                         ,sm2main,0xBF66
DrawSpriteObject                ,sm2main,0xBF67
NoHFlip                         ,sm2main,0xBF7B
SetHFAt                         ,sm2main,0xBF85
AttractModeSubs                 ,sm2main,0xBFB0
HardWorldsCheckpoint            ,sm2main,0xBFC2
LoadHardWorlds                  ,sm2main,0xBFD2
NoLoadHW                        ,sm2main,0xBFE6
NoCHWP                          ,sm2main,0xBFF1
AttractModeDiskRoutines         ,sm2main,0xC006
LoadWorlds1Thru4                ,sm2main,0xC016
LW14Files                       ,sm2main,0xC027
BadFileCount                    ,sm2main,0xC036
ReturnedError                   ,sm2main,0xC038
InitWorldPos                    ,sm2main,0xC03E
GameModeDiskRoutines            ,sm2main,0xC04D
LoadWorlds5Thru8                ,sm2main,0xC05D
ResetDiskIOTask                 ,sm2main,0xC078
VMDelay                         ,sm2main,0xC07D
StartVMDelay                    ,sm2main,0xC081
ContinueVMDelay                 ,sm2main,0xC088
VictoryModeDiskRoutines         ,sm2main,0xC08E
LoadEnding                      ,sm2main,0xC09E
AddBeatenGame                   ,sm2main,0xC0B2
SetS2S                          ,sm2main,0xC0BE
CheckFileCount                  ,sm2main,0xC0CA
LoadFiles                       ,sm2main,0xC0F4
ListPointer                     ,sm2main,0xC108
DiskScreen                      ,sm2main,0xC113
WaitForEject                    ,sm2main,0xC126
NextDiskIOTask                  ,sm2main,0xC134
ThisDiskIOTask                  ,sm2main,0xC137
WaitForReinsert                 ,sm2main,0xC138
ResetDiskVars                   ,sm2main,0xC140
DiskErrorHandler                ,sm2main,0xC182
LoadError                       ,sm2main,0xC1A3
LELoop                          ,sm2main,0xC1A8
GameOverMenu                    ,sm2main,0xC1C2
ChgSel                          ,sm2main,0xC1E1
ChgSelLoop                      ,sm2main,0xC1E3
ContinueOrRetry                 ,sm2main,0xC1F6
Continue                        ,sm2main,0xC203
ISCont                          ,sm2main,0xC213
LoadPhysicsData                 ,sm2main,0xC241
LoadMarioPhysics                ,sm2main,0xC24A
ModifyPhysics                   ,sm2main,0xC24E
MPhyLoop                        ,sm2main,0xC253
LoadAreaPointer                 ,sm2main,0xC2A4
GetAreaType                     ,sm2main,0xC2AA
GameMenuRoutine                 ,sm2main,0xC46E
StG                             ,sm2main,0xC491
ChkSelect                       ,sm2main,0xC494
SelectLogic                     ,sm2main,0xC4AA
NullJoypad                      ,sm2main,0xC4CF
RunDemo                         ,sm2main,0xC4D4
ResetTitle                      ,sm2main,0xC4DD
StartGame                       ,sm2main,0xC4EC
InitScore                       ,sm2main,0xC50A
ExitMenu                        ,sm2main,0xC510
DrawMenuCursor                  ,sm2main,0xC51B
SetupMenuCursor                 ,sm2main,0xC520
DemoEngine                      ,sm2main,0xC553
DoAction                        ,sm2main,0xC568
DemoOver                        ,sm2main,0xC572
ClearBuffersDrawIcon            ,sm2main,0xC573
TScrClear                       ,sm2main,0xC57A
WriteTopScore                   ,sm2main,0xC58A
IncModeTask_B                   ,sm2main,0xC58F
InitializeGame                  ,sm2main,0xC592
PrintStars                      ,sm2main,0xC5AB
PrintToTS                       ,sm2main,0xC5B4
NextStarR                       ,sm2main,0xC5BE
ClrSndLoop                      ,sm2main,0xC5CA
DemoReset                       ,sm2main,0xC5D0
PrimaryGameSetup                ,sm2main,0xC5DB
PatchPlayerNamePal              ,sm2main,0xC5FF
NamePatch                       ,sm2main,0xC60C
PalPatch                        ,sm2main,0xC620
SoundEngine                     ,sm2main,0xD2A0
SndOn                           ,sm2main,0xD2A9
InPause                         ,sm2main,0xD2BE
PTone1F                         ,sm2main,0xD2E2
ContPau                         ,sm2main,0xD2E6
PTone2F                         ,sm2main,0xD2F5
PTRegC                          ,sm2main,0xD2F7
DecPauC                         ,sm2main,0xD2FE
SkipPIn                         ,sm2main,0xD314
RunSoundSubroutines             ,sm2main,0xD31B
SkipSoundSubroutines            ,sm2main,0xD32D
NoIncDAC                        ,sm2main,0xD347
StrWave                         ,sm2main,0xD34D
PlaySqu1Sfx                     ,sm2main,0xD358
PlaySqu2Sfx                     ,sm2main,0xD376
PlayFlagpoleSlide               ,sm2main,0xD38F
PlaySmallJump                   ,sm2main,0xD39D
PlayBigJump                     ,sm2main,0xD3A1
JumpRegContents                 ,sm2main,0xD3A3
ContinueSndJump                 ,sm2main,0xD3AF
N2Prt                           ,sm2main,0xD3BC
FPS2nd                          ,sm2main,0xD3C2
DmpJpFPS                        ,sm2main,0xD3C4
PlayFireballThrow               ,sm2main,0xD3C9
PlayBump                        ,sm2main,0xD3CF
Fthrow                          ,sm2main,0xD3D3
ContinueBumpThrow               ,sm2main,0xD3DD
DecJpFPS                        ,sm2main,0xD3E9
Square1SfxHandler               ,sm2main,0xD3EB
CheckSfx1Buffer                 ,sm2main,0xD40F
ExS1H                           ,sm2main,0xD42A
PlaySwimStomp                   ,sm2main,0xD42B
ContinueSwimStomp               ,sm2main,0xD439
BranchToDecLength1              ,sm2main,0xD44B
PlaySmackEnemy                  ,sm2main,0xD44D
ContinueSmackEnemy              ,sm2main,0xD45D
SmSpc                           ,sm2main,0xD46D
SmTick                          ,sm2main,0xD46F
DecrementSfx1Length             ,sm2main,0xD472
StopSquare1Sfx                  ,sm2main,0xD477
ExSfx1                          ,sm2main,0xD485
PlayPipeDownInj                 ,sm2main,0xD486
ContinuePipeDownInj             ,sm2main,0xD48B
NoPDwnL                         ,sm2main,0xD4A1
PlayCoinGrab                    ,sm2main,0xD4E8
PlayTimerTick                   ,sm2main,0xD4EE
CGrab_TTickRegL                 ,sm2main,0xD4F2
ContinueCGrabTTick              ,sm2main,0xD4FC
N2Tone                          ,sm2main,0xD508
PlayBlast                       ,sm2main,0xD50A
ContinueBlast                   ,sm2main,0xD515
SBlasJ                          ,sm2main,0xD520
PlayPowerUpGrab                 ,sm2main,0xD522
ContinuePowerUpGrab             ,sm2main,0xD527
LoadSqu2Regs                    ,sm2main,0xD535
DecrementSfx2Length             ,sm2main,0xD538
EmptySfx2Buffer                 ,sm2main,0xD53D
StopSquare2Sfx                  ,sm2main,0xD541
ExSfx2                          ,sm2main,0xD54B
Square2SfxHandler               ,sm2main,0xD54C
CheckSfx2Buffer                 ,sm2main,0xD576
ExS2H                           ,sm2main,0xD591
Cont_CGrab_TTick                ,sm2main,0xD592
JumpToDecLength2                ,sm2main,0xD595
PlayBowserFall                  ,sm2main,0xD598
BlstSJp                         ,sm2main,0xD5A1
ContinueBowserFall              ,sm2main,0xD5A3
PBFRegs                         ,sm2main,0xD5AE
EL_LRegs                        ,sm2main,0xD5B0
PlayExtraLife                   ,sm2main,0xD5B2
ContinueExtraLife               ,sm2main,0xD5B7
DivLLoop                        ,sm2main,0xD5BC
PlayGrowPowerUp                 ,sm2main,0xD5CC
PlayGrowVine                    ,sm2main,0xD5D0
GrowItemRegs                    ,sm2main,0xD5D2
ContinueGrowItems               ,sm2main,0xD5DF
StopGrowItems                   ,sm2main,0xD5F8
PlaySkidSfx                     ,sm2main,0xD629
ContinueSkidSfx                 ,sm2main,0xD630
PlayBrickShatter                ,sm2main,0xD644
ContinueBrickShatter            ,sm2main,0xD64B
PlayNoiseSfx                    ,sm2main,0xD658
DecrementSfx3Length             ,sm2main,0xD663
ExSfx3                          ,sm2main,0xD676
NoiseSfxHandler                 ,sm2main,0xD677
PlayBowserFlame                 ,sm2main,0xD695
ContinueBowserFlame             ,sm2main,0xD69C
WindBranch                      ,sm2main,0xD6A6
PlayWindSfx                     ,sm2main,0xD6A8
ContinueWindSfx                 ,sm2main,0xD6AF
MusicHandler                    ,sm2main,0xD6D0
LoadEventMusic                  ,sm2main,0xD6E0
NoStopSfx                       ,sm2main,0xD6ED
LoadAreaMusic                   ,sm2main,0xD704
NoStop1                         ,sm2main,0xD70B
GMLoopB                         ,sm2main,0xD70D
HandleAreaMusicLoopB            ,sm2main,0xD710
FindAreaMusicHeader             ,sm2main,0xD729
FindEventMusicHeader            ,sm2main,0xD72D
LoadHeader                      ,sm2main,0xD731
EndOfMusicData                  ,sm2main,0xD787
NotTRO                          ,sm2main,0xD793
MusicLoopBack                   ,sm2main,0xD7B0
VictoryMLoopBack                ,sm2main,0xD7B3
FetchSqu1MusicData              ,sm2main,0xD801
Squ1NoteHandler                 ,sm2main,0xD818
DeathMAltReg                    ,sm2main,0xD84C
DoAltLoad                       ,sm2main,0xD853
NotDOrD4                        ,sm2main,0xD890
MediN                           ,sm2main,0xD8A0
NoiseBeatHandler                ,sm2main,0xD8C6
StrongBeat                      ,sm2main,0xD8E5
LongBeat                        ,sm2main,0xD8ED
SilentBeat                      ,sm2main,0xD8F5
AlternateLengthHandler          ,sm2main,0xD901
LoadControlRegs                 ,sm2main,0xD914
NotECstlM                       ,sm2main,0xD91F
WaterMus                        ,sm2main,0xD929
AllMus                          ,sm2main,0xD92B
LoadEnvelopeData                ,sm2main,0xD930
LoadUsualEnvData                ,sm2main,0xD93B
LoadWaterEventMusEnvData        ,sm2main,0xD945


ScreenSubsForFinalRoom          ,sm2data3,0xC5FE
DrawFinalRoom                   ,sm2data3,0xC612
NextScreenTask                  ,sm2data3,0xC61A
RevealPrincess                  ,sm2data3,0xC61E
NextOperTask                    ,sm2data3,0xC63E
PrintVictoryMsgsForWorld8       ,sm2data3,0xC642
PrintVM                         ,sm2data3,0xC659
IncVMC                          ,sm2data3,0xC660
EndVictoryMessages              ,sm2data3,0xC672
ExAEL                           ,sm2data3,0xC677
EraseEndingCounters             ,sm2data3,0xC67A
NotYet                          ,sm2data3,0xC685
AwardExtraLives                 ,sm2data3,0xC686
FadeToBlue                      ,sm2data3,0xC6CA
BlueUpdateTiming                ,sm2data3,0xC6DF
BlueUpd                         ,sm2data3,0xC6E6
BlueULoop                       ,sm2data3,0xC6E8
NextBlue                        ,sm2data3,0xC6F6
ExFade                          ,sm2data3,0xC70F
EraseLivesLines                 ,sm2data3,0xC710
ELL                             ,sm2data3,0xC712
RunMushroomRetainers            ,sm2data3,0xC727
ExRMR                           ,sm2data3,0xC737
EndingDiskRoutines              ,sm2data3,0xC738
UpdateGamesBeaten               ,sm2data3,0xC759
BackToNormal                    ,sm2data3,0xC76A
EndTheGame                      ,sm2data3,0xC788
GoToWorld9                      ,sm2data3,0xC793
MushroomRetainersForW8          ,sm2data3,0xC7BD
DrawFlashMRetainers             ,sm2data3,0xC7C6
FlashMRetainers                 ,sm2data3,0xC7E1
DrawMRetainers                  ,sm2data3,0xC7F7
DrawMRetLoop                    ,sm2data3,0xC803
SetupMRet                       ,sm2data3,0xC815
NextMRet                        ,sm2data3,0xC834
WriteNameToVictoryMsg           ,sm2data3,0xC858
SNameL                          ,sm2data3,0xC866
VMsgNL                          ,sm2data3,0xC868
AlternateSoundEngine            ,sm2data3,0xCC5F
RunAltSoundRoutines             ,sm2data3,0xCC6E
AltSound_ContinueMusic          ,sm2data3,0xCC85
AltMusicHandler                 ,sm2data3,0xCC88
PlayMusic                       ,sm2data3,0xCC92
NextPattern                     ,sm2data3,0xCC9A
LoadPatternHeader               ,sm2data3,0xCCA7
AltSound_HandleSquare2Music     ,sm2data3,0xCD01
EndPattern                      ,sm2data3,0xCD14
StopMusic                       ,sm2data3,0xCD19
NextPatternJump                 ,sm2data3,0xCD3F
AltSound_Squ2LengthHandler      ,sm2data3,0xCD42
AltSound_Squ2NoteHandler        ,sm2data3,0xCD50
AltSound_Rest                   ,sm2data3,0xCD5F
AltSound_SkipFqL1               ,sm2data3,0xCD65
AltSound_MiscSqu2MusicTasks     ,sm2data3,0xCD6B
AltSound_NoDecEnv1              ,sm2data3,0xCD77
AltSound_HandleSquare1Music     ,sm2data3,0xCD7D
AltSound_SkipCtrlL              ,sm2data3,0xCDA3
AltSound_MiscSqu1MusicTasks     ,sm2data3,0xCDA9
AltSound_NoDecEnv2              ,sm2data3,0xCDB1
AltSound_HandleTriangleMusic    ,sm2data3,0xCDBC
AltSound_TriNoteHandler         ,sm2data3,0xCDE2
AltSound_LongN                  ,sm2data3,0xCDF4
AltSound_LoadTriCtrlReg         ,sm2data3,0xCDF6
HandleFDSMusic                  ,sm2data3,0xCDF9
CheckForCutoff                  ,sm2data3,0xCE01
RunFDSChannel                   ,sm2data3,0xCE0D
FDSSND_NoteHandler              ,sm2data3,0xCE2A
FDSSND_EnvModStart              ,sm2data3,0xCE37
InitialEnvData                  ,sm2data3,0xCE3D
FDSSND_EnvModRun                ,sm2data3,0xCE6E
VolumeEnvCtrl                   ,sm2data3,0xCE7B
VolumeEnvTiming                 ,sm2data3,0xCE8A
SweepModCtrl                    ,sm2data3,0xCE96
AltSound_HandleNoiseMusic       ,sm2data3,0xCEBB
AltSound_FetchNoiseBeatData     ,sm2data3,0xCEC0
ProcBeatData                    ,sm2data3,0xCED2
AltSound_PlayBeat               ,sm2data3,0xCEE3
AltSound_ExitMusicHandler       ,sm2data3,0xCEEC
ProcessWaveformData             ,sm2data3,0xCEED
GetWaveformHeader               ,sm2data3,0xCEF2
FindHeader                      ,sm2data3,0xCEF4
GetWaveformData                 ,sm2data3,0xCF2F
GWDLoop                         ,sm2data3,0xCF3D
SetWMVol                        ,sm2data3,0xCF4D
LowV                            ,sm2data3,0xCF58
FullV                           ,sm2data3,0xCF5A
GetModulationTable              ,sm2data3,0xCF5D
MTableL                         ,sm2data3,0xCF6E
OddT                            ,sm2data3,0xCF7B
LengthDecoder                   ,sm2data3,0xCFA6
AltSound_ProcessLengthData      ,sm2data3,0xCFAC
AltSound_Dump_Squ1_Regs         ,sm2data3,0xCFB7
AltSound_SetFreq_Squ1           ,sm2data3,0xCFC1
AltSound_Dump_Freq_Regs         ,sm2data3,0xCFC3
AltSound_NoTone                 ,sm2data3,0xCFD4
AltSound_Dump_Sq2_Regs          ,sm2data3,0xCFD5
AltSound_SetFreq_Squ2           ,sm2data3,0xCFDF
AltSound_SetFreq_Tri            ,sm2data3,0xCFE3
SetFreq_FDS                     ,sm2data3,0xCFE7

ChangeHalfwayPages              ,sm2data4,0xC3D6
CHalfL                          ,sm2data4,0xC3D8
L_WaterArea9                    ,sm2data4,0xCFDB

FindAreaPointer                 ,sm2main,0xC2B4
GetAreaDataAddrs                ,sm2main,0xC2C3
StoreFore                       ,sm2main,0xC30B
StoreStyle                      ,sm2main,0xC346

AltHard_GetAreaDataAddrs        ,sm2data4,0xC2C3
AltHard_StoreFore               ,sm2data4,0xC30B
AltHard_StoreStyle              ,sm2data4,0xC346

UpsideDownPipe_High             ,sm2data_24_common,0xC470
UpsideDownPipe_Low              ,sm2data_24_common,0xC475
UDP                             ,sm2data_24_common,0xC478
NoUDP                           ,sm2data_24_common,0xC4A8
MoveUpsideDownPiranhaP          ,sm2data_24_common,0xC4C0
ExMoveUDPP                      ,sm2data_24_common,0xC4FD
BlowPlayerAround                ,sm2data_24_common,0xC4FE
BThr                            ,sm2data_24_common,0xC513
ExBlow                          ,sm2data_24_common,0xC52B
SimulateWind                    ,sm2data_24_common,0xC550
DrawLeaf                        ,sm2data_24_common,0xC561
DLLoop                          ,sm2data_24_common,0xC584
ExSimW                          ,sm2data_24_common,0xC588
ModifyLeavesPos                 ,sm2data_24_common,0xC5A1
MLPLoop                         ,sm2data_24_common,0xC5A3
WindOn                          ,sm2data_24_common,0xC5BE
WindOff                         ,sm2data_24_common,0xC5C2
WOn                             ,sm2data_24_common,0xC5C4

SetupToMovePPlant               ,sm2main,0xA00C
RiseFallPiranhaPlant            ,sm2main,0xA016

AltCommon_SetupToMovePPlant     ,sm2data_24_common,0xC4D8
AltCommon_RiseFallPiranhaPlant  ,sm2data_24_common,0xC4E2

Dump_Squ1_Regs                  ,sm2main,0xD351
SetFreq_Squ1                    ,sm2main,0xD35B
Dump_Freq_Regs                  ,sm2main,0xD35D
NoTone                          ,sm2main,0xD36E
Dump_Sq2_Regs                   ,sm2main,0xD36F
SetFreq_Squ2                    ,sm2main,0xD379
SetFreq_Tri                     ,sm2main,0xD37D
ContinueMusic                   ,sm2main,0xD6CD
HandleSquare2Music              ,sm2main,0xD776
Squ2LengthHandler               ,sm2main,0xD7B6
Squ2NoteHandler                 ,sm2main,0xD7C2
Rest                            ,sm2main,0xD7CE
SkipFqL1                        ,sm2main,0xD7D4
MiscSqu2MusicTasks              ,sm2main,0xD7DA
NoDecEnv1                       ,sm2main,0xD7ED
HandleSquare1Music              ,sm2main,0xD7F8
SkipCtrlL                       ,sm2main,0xD82D
MiscSqu1MusicTasks              ,sm2main,0xD833
NoDecEnv2                       ,sm2main,0xD846
HandleTriangleMusic             ,sm2main,0xD856
TriNoteHandler                  ,sm2main,0xD87A
LongN                           ,sm2main,0xD8A4
LoadTriCtrlReg                  ,sm2main,0xD8A6
HandleNoiseMusic                ,sm2main,0xD8A9
FetchNoiseBeatData              ,sm2main,0xD8B4
PlayBeat                        ,sm2main,0xD8F7
ExitMusicHandler                ,sm2main,0xD900
ProcessLengthData               ,sm2main,0xD907


FDSBIOS_LoadFiles               ,,0xE1F8
FDSBIOS_WriteFile               ,,0xE239
